seawater_vv,urea_pv,ammonium_sulfate_pv,kh2po4_pv,surface_tension_mNm
0,0.0,0.2,0.5,45.05
100,0.0,0.2,0.5,46.47
0,0.5,0.2,0.5,53.3
100,0.5,0.2,0.5,53.57
0,0.0,0.6,0.5,52.27
100,0.0,0.6,0.5,53.24
0,0.5,0.6,0.5,50.58
100,0.5,0.6,0.5,46.67
0,0.0,0.2,1.5,47.54
100,0.0,0.2,1.5,43.76
0,0.5,0.2,1.5,47.61
100,0.5,0.2,1.5,47.58
0,0.0,0.6,1.5,42.35
100,0.0,0.6,1.5,50.98
0,0.5,0.6,1.5,42.22
100,0.5,0.6,1.5,48.44
50,0.25,0.4,1.0,49.44
50,0.25,0.4,1.0,44.26
50,0.25,0.4,1.0,47.75
50,0.25,0.4,1.0,49.21
